Step,Induced Dipole 1 (Debye),Induced Dipole 2 (Debye),Induced Dipole 3 (Debye),Induced Dipole 4 (Debye),Induced Dipole 5 (Debye),Total Dipole 1 (Debye),Total Dipole 2 (Debye),Total Dipole 3 (Debye),Total Dipole 4 (Debye),Total Dipole 5 (Debye),Induction energy (Debye*angstrom),Electrostatic energy (Debye*angstrom)
1,-0.4207820439518194,0.12913381866057122,0.21913472481328153,0.2357355521708117,0.125018831620612,1.4342179560481805,1.9841338186605713,2.0741347248132813,2.0907355521708118,1.980018831620612,-0.704313819460892,-14.181034419474337
2,-0.4094722113649809,0.11780098742422442,0.24131331398974676,0.25905126562849784,0.14269516238083482,1.445527788635019,1.9728009874242245,2.0963133139897465,2.1140512656284978,1.9976951623808348,-0.7116083139087734,-14.473540168128295
3,-0.409974140996165,0.12030750493096316,0.24236889049482419,0.26167950764108294,0.1444432802670428,1.445025859003835,1.9753075049309632,2.097368890494824,2.116679507641083,1.9994432802670428,-0.7120412433114405,-14.512740124513346
4,-0.40978724766660324,0.12037155331519295,0.24272673412977422,0.2618890800112411,0.1446357239563768,1.4452127523333966,1.975371553315193,2.097726734129774,2.116889080011241,1.9996357239563767,-0.7121239635238039,-14.51760499896872
5,-0.40977916164067785,0.12041065248858099,0.24274844864539122,0.2619273103204585,0.1446532825818234,1.4452208383593221,1.975410652488581,2.0977484486453912,2.1169273103204587,1.9996532825818234,-0.7121308815528588,-14.518250713494774
