Step,Induced Dipole 1 (Debye),Induced Dipole 2 (Debye),Induced Dipole 3 (Debye),Induced Dipole 4 (Debye),Induced Dipole 5 (Debye),Total Dipole 1 (Debye),Total Dipole 2 (Debye),Total Dipole 3 (Debye),Total Dipole 4 (Debye),Total Dipole 5 (Debye),Induction energy (Debye*angstrom),Electrostatic energy (Debye*angstrom)
1,0.06952244640044708,0.12763432911649644,0.13282716049382712,0.12763432911649647,0.06952244640044708,1.9245224464004471,1.9826343291164965,1.9878271604938271,1.9826343291164965,1.9245224464004471,-0.14491562552924372,-21.60048218314842
2,0.0742977386732148,0.13466366826626452,0.14150406455435943,0.13466366826626455,0.0742977386732148,1.9292977386732149,1.9896636682662645,1.9965040645543595,1.9896636682662645,1.9292977386732149,-0.1459202617236495,-21.676142974564566
3,0.07456662037177442,0.13512536820120002,0.14198946651832556,0.1351253682012,0.07456662037177442,1.9295666203717743,1.9901253682012001,1.9969894665183254,1.9901253682012,1.9295666203717743,-0.1459810731433803,-21.680746545989486
4,0.07458392255798268,0.13515152643147577,0.1420209924316762,0.13515152643147577,0.07458392255798268,1.9295839225579827,1.9901515264314757,1.9970209924316762,1.9901515264314757,1.9295839225579827,-0.14598476833632948,-21.681024616529882
