Step,Induced Dipole 1 (Debye),Induced Dipole 2 (Debye),Induced Dipole 3 (Debye),Induced Dipole 4 (Debye),Induced Dipole 5 (Debye),Total Dipole 1 (Debye),Total Dipole 2 (Debye),Total Dipole 3 (Debye),Total Dipole 4 (Debye),Total Dipole 5 (Debye),Induction energy (Debye*angstrom),Electrostatic energy (Debye*angstrom)
1,-0.27441071850502025,0.04165103789012961,0.09461236439321964,0.10613850630990476,0.05576511980422838,1.5805892814949798,1.8966510378901296,1.9496123643932197,1.9611385063099047,1.9107651198042284,-0.2176046875637967,-1.464271879609897
2,-0.2725559924610818,0.03641701395109045,0.09844589688870459,0.1107664290705999,0.05943192962266037,1.5824440075389181,1.8914170139510904,1.9534458968887045,1.9657664290705998,1.9144319296226604,-0.21795220469239981,-1.4814844526479467
3,-0.2727000340346159,0.0366207715840247,0.09844857302953217,0.11098648800446313,0.05958921358280186,1.582299965965384,1.8916207715840248,1.9534485730295321,1.965986488004463,1.9145892135828018,-0.21795396142896006,-1.482630995955502
4,-0.27269320133090597,0.03661733350524351,0.09846211342359368,0.11099221942068015,0.05959639601577356,1.582306798669094,1.8916173335052435,1.9534621134235937,1.96599221942068,1.9145963960157735,-0.21795454903582911,-1.4826949660472426
