Step,Induced Dipole 1 (Debye),Induced Dipole 2 (Debye),Induced Dipole 3 (Debye),Induced Dipole 4 (Debye),Induced Dipole 5 (Debye),Total Dipole 1 (Debye),Total Dipole 2 (Debye),Total Dipole 3 (Debye),Total Dipole 4 (Debye),Total Dipole 5 (Debye),Induction energy (Debye*angstrom),Electrostatic energy (Debye*angstrom)
1,0.14776053476946333,0.2712694633408919,0.28230612244897957,0.2712694633408919,0.14776053476946333,2.0027605347694633,2.126269463340892,2.1373061224489796,2.126269463340892,2.0027605347694633,-0.7411344648155329,-49.303723436529474
2,0.16933136070705695,0.3030222111508342,0.3215012075821582,0.3030222111508342,0.16933136070705695,2.0243313607070568,2.158022211150834,2.176501207582158,2.158022211150834,2.0243313607070568,-0.7630702250031268,-50.04240613244611
3,0.1719127973340012,0.30745482642024385,0.3261613775204071,0.3074548264202438,0.1719127973340012,2.0269127973340013,2.1624548264202437,2.1811613775204073,2.1624548264202437,2.0269127973340013,-0.7659113106067177,-50.13794160289837
4,0.17226584603243114,0.3079885814637356,0.3268046593890277,0.3079885814637356,0.1722658460324311,2.027265846032431,2.1629885814637357,2.1818046593890275,2.1629885814637357,2.027265846032431,-0.7662784621389076,-50.15020780003259
5,0.1723090974859136,0.3080613689831081,0.3268828340726106,0.30806136898310815,0.1723090974859136,2.0273090974859134,2.163061368983108,2.1818828340726104,2.163061368983108,2.0273090974859134,-0.7663256698022921,-50.15179203282909
